"FileName"|"FullPath"|"Fullsize"|"CreationTime"|"LastWriteTime"
"Create_Client_Site.ps1"|"C:\C@d3\Fields Client Site Creation\Create_Client_Site.ps1"||"29/06/2020 1:35:34 AM"|"2/07/2020 2:12:29 PM"
"FIELDSTemplate.pnp"|"C:\C@d3\Fields Client Site Creation\FIELDSTemplate.pnp"||"28/06/2020 9:01:22 AM"|"1/07/2020 11:56:18 AM"
"README.md"|"C:\C@d3\Fields Client Site Creation\README.md"||"1/07/2020 2:03:12 PM"|"2/07/2020 2:09:24 PM"
"remove.ps1"|"C:\C@d3\Fields Client Site Creation\remove.ps1"||"2/07/2020 11:41:03 AM"|"2/07/2020 11:50:29 AM"
"testParams.json"|"C:\C@d3\Fields Client Site Creation\testParams.json"||"1/07/2020 4:17:59 PM"|"1/07/2020 4:19:44 PM"
"Trigger_Script.ps1"|"C:\C@d3\Fields Client Site Creation\Trigger_Script.ps1"||"1/07/2020 4:23:08 PM"|"2/07/2020 9:50:51 AM"
"Get-AlphaFSChildItem.ps1"|"C:\C@d3\ScanFolder\Get-AlphaFSChildItem.ps1"||"3/07/2020 10:12:56 AM"|"3/07/2020 12:07:54 PM"
"output.csv"|"C:\C@d3\ScanFolder\output.csv"||"3/07/2020 1:54:58 PM"|"3/07/2020 1:55:12 PM"
"release.ps1"|"C:\C@d3\ScanFolder\release.ps1"||"3/07/2020 12:11:52 PM"|"3/07/2020 1:54:53 PM"
"ScanJob.ps1"|"C:\C@d3\ScanFolder\ScanJob.ps1"||"3/07/2020 10:17:27 AM"|"3/07/2020 12:43:06 PM"
"COMMIT_EDITMSG"|"C:\C@d3\Fields Client Site Creation\.git\COMMIT_EDITMSG"||"2/07/2020 9:56:50 AM"|"2/07/2020 2:55:30 PM"
"config"|"C:\C@d3\Fields Client Site Creation\.git\config"||"2/07/2020 9:59:31 AM"|"2/07/2020 9:59:43 AM"
"description"|"C:\C@d3\Fields Client Site Creation\.git\description"||"2/07/2020 9:52:35 AM"|"2/07/2020 9:52:35 AM"
"HEAD"|"C:\C@d3\Fields Client Site Creation\.git\HEAD"||"2/07/2020 9:52:35 AM"|"2/07/2020 9:52:35 AM"
"index"|"C:\C@d3\Fields Client Site Creation\.git\index"||"2/07/2020 2:55:30 PM"|"2/07/2020 2:55:30 PM"
"AlphaFS.2.2.6.0.chm"|"C:\C@d3\ScanFolder\AlphaFS.2.2.6.0\AlphaFS.2.2.6.0.chm"||"18/08/2018 6:39:12 PM"|"3/07/2020 10:28:17 AM"
"CHANGELOG.md"|"C:\C@d3\ScanFolder\AlphaFS.2.2.6.0\CHANGELOG.md"||"18/08/2018 6:26:30 PM"|"3/07/2020 10:28:17 AM"
"LICENSE.md"|"C:\C@d3\ScanFolder\AlphaFS.2.2.6.0\LICENSE.md"||"9/05/2018 7:12:40 PM"|"3/07/2020 10:28:17 AM"
"README.md"|"C:\C@d3\ScanFolder\AlphaFS.2.2.6.0\README.md"||"18/08/2018 6:26:30 PM"|"3/07/2020 10:28:17 AM"
"applypatch-msg.sample"|"C:\C@d3\Fields Client Site Creation\.git\hooks\applypatch-msg.sample"||"2/07/2020 9:52:35 AM"|"2/07/2020 9:52:35 AM"
"commit-msg.sample"|"C:\C@d3\Fields Client Site Creation\.git\hooks\commit-msg.sample"||"2/07/2020 9:52:35 AM"|"2/07/2020 9:52:35 AM"
"fsmonitor-watchman.sample"|"C:\C@d3\Fields Client Site Creation\.git\hooks\fsmonitor-watchman.sample"||"2/07/2020 9:52:35 AM"|"2/07/2020 9:52:35 AM"
"post-update.sample"|"C:\C@d3\Fields Client Site Creation\.git\hooks\post-update.sample"||"2/07/2020 9:52:35 AM"|"2/07/2020 9:52:35 AM"
"pre-applypatch.sample"|"C:\C@d3\Fields Client Site Creation\.git\hooks\pre-applypatch.sample"||"2/07/2020 9:52:35 AM"|"2/07/2020 9:52:35 AM"
"pre-commit.sample"|"C:\C@d3\Fields Client Site Creation\.git\hooks\pre-commit.sample"||"2/07/2020 9:52:35 AM"|"2/07/2020 9:52:35 AM"
"pre-merge-commit.sample"|"C:\C@d3\Fields Client Site Creation\.git\hooks\pre-merge-commit.sample"||"2/07/2020 9:52:35 AM"|"2/07/2020 9:52:35 AM"
"pre-push.sample"|"C:\C@d3\Fields Client Site Creation\.git\hooks\pre-push.sample"||"2/07/2020 9:52:35 AM"|"2/07/2020 9:52:35 AM"
"pre-rebase.sample"|"C:\C@d3\Fields Client Site Creation\.git\hooks\pre-rebase.sample"||"2/07/2020 9:52:35 AM"|"2/07/2020 9:52:35 AM"
"pre-receive.sample"|"C:\C@d3\Fields Client Site Creation\.git\hooks\pre-receive.sample"||"2/07/2020 9:52:35 AM"|"2/07/2020 9:52:35 AM"
"prepare-commit-msg.sample"|"C:\C@d3\Fields Client Site Creation\.git\hooks\prepare-commit-msg.sample"||"2/07/2020 9:52:35 AM"|"2/07/2020 9:52:35 AM"
"update.sample"|"C:\C@d3\Fields Client Site Creation\.git\hooks\update.sample"||"2/07/2020 9:52:35 AM"|"2/07/2020 9:52:35 AM"
"exclude"|"C:\C@d3\Fields Client Site Creation\.git\info\exclude"||"2/07/2020 9:52:35 AM"|"2/07/2020 9:52:35 AM"
"HEAD"|"C:\C@d3\Fields Client Site Creation\.git\logs\HEAD"||"2/07/2020 9:56:50 AM"|"2/07/2020 2:55:30 PM"
"appsettings.Development.json"|"C:\C@d3\HeadStart\API\SyncAPI\appsettings.Development.json"||"1/07/2020 11:20:52 AM"|"1/07/2020 11:20:52 AM"
"appsettings.json"|"C:\C@d3\HeadStart\API\SyncAPI\appsettings.json"||"1/07/2020 11:20:52 AM"|"1/07/2020 11:20:52 AM"
"Program.cs"|"C:\C@d3\HeadStart\API\SyncAPI\Program.cs"||"1/07/2020 11:20:52 AM"|"1/07/2020 11:20:52 AM"
"Startup.cs"|"C:\C@d3\HeadStart\API\SyncAPI\Startup.cs"||"1/07/2020 11:20:52 AM"|"1/07/2020 11:20:52 AM"
"SyncAPI.csproj"|"C:\C@d3\HeadStart\API\SyncAPI\SyncAPI.csproj"||"1/07/2020 11:20:52 AM"|"3/07/2020 9:45:10 AM"
"SyncAPI.sln"|"C:\C@d3\HeadStart\API\SyncAPI\SyncAPI.sln"||"3/07/2020 10:02:41 AM"|"3/07/2020 10:02:41 AM"
"WeatherForecast.cs"|"C:\C@d3\HeadStart\API\SyncAPI\WeatherForecast.cs"||"1/07/2020 11:20:52 AM"|"1/07/2020 11:20:52 AM"
"ad9646d1aefeec20a837708caa8c4b28fd8313"|"C:\C@d3\Fields Client Site Creation\.git\objects\01\ad9646d1aefeec20a837708caa8c4b28fd8313"||"2/07/2020 9:56:50 AM"|"2/07/2020 9:56:50 AM"
"9a7415f0e23399b83e2bd2ea707bd3f40d0be3"|"C:\C@d3\Fields Client Site Creation\.git\objects\0b\9a7415f0e23399b83e2bd2ea707bd3f40d0be3"||"2/07/2020 2:54:39 PM"|"2/07/2020 2:54:39 PM"
"b0b9c73a8e3888e7396345993dbdbe42844375"|"C:\C@d3\Fields Client Site Creation\.git\objects\1b\b0b9c73a8e3888e7396345993dbdbe42844375"||"2/07/2020 2:55:30 PM"|"2/07/2020 2:55:30 PM"
"d124f1c76a75ceb0f607792b9a18637c094682"|"C:\C@d3\Fields Client Site Creation\.git\objects\40\d124f1c76a75ceb0f607792b9a18637c094682"||"2/07/2020 2:54:39 PM"|"2/07/2020 2:54:39 PM"
"2cb22f21d5cac16fd622703ec21255e1ba6264"|"C:\C@d3\Fields Client Site Creation\.git\objects\43\2cb22f21d5cac16fd622703ec21255e1ba6264"||"2/07/2020 9:56:50 AM"|"2/07/2020 9:56:50 AM"
"c60e580f68dca74dd1250ec76f3d0a4c0210d0"|"C:\C@d3\Fields Client Site Creation\.git\objects\47\c60e580f68dca74dd1250ec76f3d0a4c0210d0"||"2/07/2020 9:52:41 AM"|"2/07/2020 9:52:41 AM"
"38c52f42758d0ab19171db71216d0b83e78592"|"C:\C@d3\Fields Client Site Creation\.git\objects\50\38c52f42758d0ab19171db71216d0b83e78592"||"2/07/2020 2:54:39 PM"|"2/07/2020 2:54:39 PM"
"7f14be5a777b5552d3acf1f5356be404f32e9f"|"C:\C@d3\Fields Client Site Creation\.git\objects\53\7f14be5a777b5552d3acf1f5356be404f32e9f"||"2/07/2020 9:52:41 AM"|"2/07/2020 2:54:39 PM"
"7c4157d2b279e5dbf0d72238a462169972ad07"|"C:\C@d3\Fields Client Site Creation\.git\objects\8e\7c4157d2b279e5dbf0d72238a462169972ad07"||"2/07/2020 2:55:30 PM"|"2/07/2020 2:55:30 PM"
"461a7fc0b71a8771cf178588292c62156633b5"|"C:\C@d3\Fields Client Site Creation\.git\objects\b4\461a7fc0b71a8771cf178588292c62156633b5"||"2/07/2020 9:52:41 AM"|"2/07/2020 9:52:41 AM"
"c5776301cd9797f2be9605e26407c7953b2715"|"C:\C@d3\Fields Client Site Creation\.git\objects\c3\c5776301cd9797f2be9605e26407c7953b2715"||"2/07/2020 9:52:41 AM"|"2/07/2020 9:52:41 AM"
"d471d61903ee7fe0b9b6f929811a4e158d8b9d"|"C:\C@d3\Fields Client Site Creation\.git\objects\f3\d471d61903ee7fe0b9b6f929811a4e158d8b9d"||"2/07/2020 9:52:41 AM"|"2/07/2020 9:52:41 AM"
"master"|"C:\C@d3\Fields Client Site Creation\.git\refs\heads\master"||"2/07/2020 2:55:30 PM"|"2/07/2020 2:55:30 PM"
"COMMIT_EDITMSG"|"C:\C@d3\HeadStart\API\SyncAPI\.git\COMMIT_EDITMSG"||"1/07/2020 1:14:48 PM"|"1/07/2020 1:15:16 PM"
"config"|"C:\C@d3\HeadStart\API\SyncAPI\.git\config"||"1/07/2020 1:17:01 PM"|"1/07/2020 1:17:01 PM"
"description"|"C:\C@d3\HeadStart\API\SyncAPI\.git\description"||"1/07/2020 1:13:32 PM"|"1/07/2020 1:13:32 PM"
"HEAD"|"C:\C@d3\HeadStart\API\SyncAPI\.git\HEAD"||"1/07/2020 1:13:32 PM"|"1/07/2020 1:13:32 PM"
"index"|"C:\C@d3\HeadStart\API\SyncAPI\.git\index"||"1/07/2020 1:15:11 PM"|"1/07/2020 1:15:16 PM"
"slnx.sqlite"|"C:\C@d3\HeadStart\API\SyncAPI\.vs\slnx.sqlite"||"3/07/2020 10:01:29 AM"|"3/07/2020 10:02:42 AM"
"VSWorkspaceState.json"|"C:\C@d3\HeadStart\API\SyncAPI\.vs\VSWorkspaceState.json"||"3/07/2020 10:02:42 AM"|"3/07/2020 10:02:42 AM"
"launch.json"|"C:\C@d3\HeadStart\API\SyncAPI\.vscode\launch.json"||"1/07/2020 1:17:56 PM"|"1/07/2020 1:17:56 PM"
"tasks.json"|"C:\C@d3\HeadStart\API\SyncAPI\.vscode\tasks.json"||"1/07/2020 1:17:56 PM"|"1/07/2020 1:17:56 PM"
"WeatherForecastController.cs"|"C:\C@d3\HeadStart\API\SyncAPI\Controllers\WeatherForecastController.cs"||"1/07/2020 11:20:52 AM"|"1/07/2020 11:20:52 AM"
"project.assets.json"|"C:\C@d3\HeadStart\API\SyncAPI\obj\project.assets.json"||"1/07/2020 11:20:53 AM"|"3/07/2020 9:44:02 AM"
"project.nuget.cache"|"C:\C@d3\HeadStart\API\SyncAPI\obj\project.nuget.cache"||"1/07/2020 11:20:53 AM"|"3/07/2020 9:44:02 AM"
"SyncAPI.csproj.nuget.dgspec.json"|"C:\C@d3\HeadStart\API\SyncAPI\obj\SyncAPI.csproj.nuget.dgspec.json"||"1/07/2020 11:20:53 AM"|"3/07/2020 9:44:02 AM"
"SyncAPI.csproj.nuget.g.props"|"C:\C@d3\HeadStart\API\SyncAPI\obj\SyncAPI.csproj.nuget.g.props"||"1/07/2020 11:20:53 AM"|"1/07/2020 11:20:53 AM"
"SyncAPI.csproj.nuget.g.targets"|"C:\C@d3\HeadStart\API\SyncAPI\obj\SyncAPI.csproj.nuget.g.targets"||"1/07/2020 11:20:53 AM"|"1/07/2020 11:20:53 AM"
"launchSettings.json"|"C:\C@d3\HeadStart\API\SyncAPI\Properties\launchSettings.json"||"1/07/2020 11:20:52 AM"|"1/07/2020 11:20:52 AM"
"AlphaFS.dll"|"C:\C@d3\ScanFolder\AlphaFS.2.2.6.0\Lib\Net35\AlphaFS.dll"||"18/08/2018 6:35:14 PM"|"3/07/2020 10:28:16 AM"
"AlphaFS.pdb"|"C:\C@d3\ScanFolder\AlphaFS.2.2.6.0\Lib\Net35\AlphaFS.pdb"||"18/08/2018 6:35:14 PM"|"3/07/2020 10:28:16 AM"
"AlphaFS.xml"|"C:\C@d3\ScanFolder\AlphaFS.2.2.6.0\Lib\Net35\AlphaFS.xml"||"18/08/2018 6:35:12 PM"|"3/07/2020 10:28:16 AM"
"AlphaFS.dll"|"C:\C@d3\ScanFolder\AlphaFS.2.2.6.0\Lib\Net40\AlphaFS.dll"||"18/08/2018 6:35:26 PM"|"3/07/2020 10:28:16 AM"
"AlphaFS.pdb"|"C:\C@d3\ScanFolder\AlphaFS.2.2.6.0\Lib\Net40\AlphaFS.pdb"||"18/08/2018 6:35:26 PM"|"3/07/2020 10:28:16 AM"
"AlphaFS.xml"|"C:\C@d3\ScanFolder\AlphaFS.2.2.6.0\Lib\Net40\AlphaFS.xml"||"18/08/2018 6:35:26 PM"|"3/07/2020 10:28:16 AM"
"AlphaFS.dll"|"C:\C@d3\ScanFolder\AlphaFS.2.2.6.0\Lib\Net45\AlphaFS.dll"||"18/08/2018 6:35:40 PM"|"3/07/2020 10:28:16 AM"
"AlphaFS.pdb"|"C:\C@d3\ScanFolder\AlphaFS.2.2.6.0\Lib\Net45\AlphaFS.pdb"||"18/08/2018 6:35:40 PM"|"3/07/2020 10:28:16 AM"
"AlphaFS.xml"|"C:\C@d3\ScanFolder\AlphaFS.2.2.6.0\Lib\Net45\AlphaFS.xml"||"18/08/2018 6:35:40 PM"|"3/07/2020 10:28:16 AM"
"AlphaFS.dll"|"C:\C@d3\ScanFolder\AlphaFS.2.2.6.0\Lib\Net451\AlphaFS.dll"||"18/08/2018 6:35:52 PM"|"3/07/2020 10:28:16 AM"
"AlphaFS.pdb"|"C:\C@d3\ScanFolder\AlphaFS.2.2.6.0\Lib\Net451\AlphaFS.pdb"||"18/08/2018 6:35:52 PM"|"3/07/2020 10:28:17 AM"
"AlphaFS.xml"|"C:\C@d3\ScanFolder\AlphaFS.2.2.6.0\Lib\Net451\AlphaFS.xml"||"18/08/2018 6:35:52 PM"|"3/07/2020 10:28:17 AM"
"AlphaFS.dll"|"C:\C@d3\ScanFolder\AlphaFS.2.2.6.0\Lib\Net452\AlphaFS.dll"||"18/08/2018 6:36:04 PM"|"3/07/2020 10:28:17 AM"
"AlphaFS.pdb"|"C:\C@d3\ScanFolder\AlphaFS.2.2.6.0\Lib\Net452\AlphaFS.pdb"||"18/08/2018 6:36:04 PM"|"3/07/2020 10:28:17 AM"
"AlphaFS.xml"|"C:\C@d3\ScanFolder\AlphaFS.2.2.6.0\Lib\Net452\AlphaFS.xml"||"18/08/2018 6:36:04 PM"|"3/07/2020 10:28:17 AM"
"testfile.txt"|"C:\C@d3\ScanFolder\TestFolder\Ch1\SubCh1\testfile.txt"||"3/07/2020 11:33:13 AM"|"3/07/2020 11:33:13 AM"
"master"|"C:\C@d3\Fields Client Site Creation\.git\logs\refs\heads\master"||"2/07/2020 9:56:50 AM"|"2/07/2020 2:55:30 PM"
"master"|"C:\C@d3\Fields Client Site Creation\.git\refs\remotes\origin\master"||"2/07/2020 2:55:45 PM"|"2/07/2020 2:55:45 PM"
"applypatch-msg.sample"|"C:\C@d3\HeadStart\API\SyncAPI\.git\hooks\applypatch-msg.sample"||"1/07/2020 1:13:32 PM"|"1/07/2020 1:13:32 PM"
"commit-msg.sample"|"C:\C@d3\HeadStart\API\SyncAPI\.git\hooks\commit-msg.sample"||"1/07/2020 1:13:32 PM"|"1/07/2020 1:13:32 PM"
"fsmonitor-watchman.sample"|"C:\C@d3\HeadStart\API\SyncAPI\.git\hooks\fsmonitor-watchman.sample"||"1/07/2020 1:13:32 PM"|"1/07/2020 1:13:32 PM"
"post-update.sample"|"C:\C@d3\HeadStart\API\SyncAPI\.git\hooks\post-update.sample"||"1/07/2020 1:13:32 PM"|"1/07/2020 1:13:32 PM"
"pre-applypatch.sample"|"C:\C@d3\HeadStart\API\SyncAPI\.git\hooks\pre-applypatch.sample"||"1/07/2020 1:13:32 PM"|"1/07/2020 1:13:32 PM"
"pre-commit.sample"|"C:\C@d3\HeadStart\API\SyncAPI\.git\hooks\pre-commit.sample"||"1/07/2020 1:13:32 PM"|"1/07/2020 1:13:32 PM"
"pre-merge-commit.sample"|"C:\C@d3\HeadStart\API\SyncAPI\.git\hooks\pre-merge-commit.sample"||"1/07/2020 1:13:32 PM"|"1/07/2020 1:13:32 PM"
"pre-push.sample"|"C:\C@d3\HeadStart\API\SyncAPI\.git\hooks\pre-push.sample"||"1/07/2020 1:13:32 PM"|"1/07/2020 1:13:32 PM"
"pre-rebase.sample"|"C:\C@d3\HeadStart\API\SyncAPI\.git\hooks\pre-rebase.sample"||"1/07/2020 1:13:32 PM"|"1/07/2020 1:13:32 PM"
"pre-receive.sample"|"C:\C@d3\HeadStart\API\SyncAPI\.git\hooks\pre-receive.sample"||"1/07/2020 1:13:32 PM"|"1/07/2020 1:13:32 PM"
"prepare-commit-msg.sample"|"C:\C@d3\HeadStart\API\SyncAPI\.git\hooks\prepare-commit-msg.sample"||"1/07/2020 1:13:32 PM"|"1/07/2020 1:13:32 PM"
"update.sample"|"C:\C@d3\HeadStart\API\SyncAPI\.git\hooks\update.sample"||"1/07/2020 1:13:32 PM"|"1/07/2020 1:13:32 PM"
"exclude"|"C:\C@d3\HeadStart\API\SyncAPI\.git\info\exclude"||"1/07/2020 1:13:32 PM"|"1/07/2020 1:13:32 PM"
"HEAD"|"C:\C@d3\HeadStart\API\SyncAPI\.git\logs\HEAD"||"1/07/2020 1:15:16 PM"|"1/07/2020 1:15:16 PM"
"master"|"C:\C@d3\Fields Client Site Creation\.git\logs\refs\remotes\origin\master"||"2/07/2020 9:59:43 AM"|"2/07/2020 2:55:45 PM"
"025001b7992934ead9bdcc73b5888a47ec3ebd"|"C:\C@d3\HeadStart\API\SyncAPI\.git\objects\03\025001b7992934ead9bdcc73b5888a47ec3ebd"||"1/07/2020 1:15:12 PM"|"1/07/2020 1:15:12 PM"
"ade12c64c8ed36d3591f8e33524a2ce68c17f1"|"C:\C@d3\HeadStart\API\SyncAPI\.git\objects\07\ade12c64c8ed36d3591f8e33524a2ce68c17f1"||"1/07/2020 1:15:16 PM"|"1/07/2020 1:15:16 PM"
"8358a963fab49af9a0ad1288ea6ff1453b9759"|"C:\C@d3\HeadStart\API\SyncAPI\.git\objects\08\8358a963fab49af9a0ad1288ea6ff1453b9759"||"1/07/2020 1:15:11 PM"|"1/07/2020 1:15:11 PM"
"acb87105cee208d8fa6a9fc8b535e64c9bfb31"|"C:\C@d3\HeadStart\API\SyncAPI\.git\objects\0b\acb87105cee208d8fa6a9fc8b535e64c9bfb31"||"1/07/2020 1:15:16 PM"|"1/07/2020 1:15:16 PM"
"6910ead8ec49b04cb9c7892907a2681bd8cb8e"|"C:\C@d3\HeadStart\API\SyncAPI\.git\objects\0d\6910ead8ec49b04cb9c7892907a2681bd8cb8e"||"1/07/2020 1:15:16 PM"|"1/07/2020 1:15:16 PM"
"f0a047684635e804b61a130cf7015a3fa57148"|"C:\C@d3\HeadStart\API\SyncAPI\.git\objects\0d\f0a047684635e804b61a130cf7015a3fa57148"||"1/07/2020 1:15:12 PM"|"1/07/2020 1:15:12 PM"
"0f49141b7010c56e14ac242bf3742e8981f452"|"C:\C@d3\HeadStart\API\SyncAPI\.git\objects\14\0f49141b7010c56e14ac242bf3742e8981f452"||"1/07/2020 1:15:11 PM"|"1/07/2020 1:15:11 PM"
"d29c9813a51231a4a47e9f3ccd1be25bbeb46d"|"C:\C@d3\HeadStart\API\SyncAPI\.git\objects\19\d29c9813a51231a4a47e9f3ccd1be25bbeb46d"||"1/07/2020 1:15:16 PM"|"1/07/2020 1:15:16 PM"
"61b88aa8e37c4d6c1c9fb20e82cc205239e2c1"|"C:\C@d3\HeadStart\API\SyncAPI\.git\objects\1e\61b88aa8e37c4d6c1c9fb20e82cc205239e2c1"||"1/07/2020 1:15:12 PM"|"1/07/2020 1:15:12 PM"
"a325c1abe08b2104e4a29dede3f2020147cc3b"|"C:\C@d3\HeadStart\API\SyncAPI\.git\objects\25\a325c1abe08b2104e4a29dede3f2020147cc3b"||"1/07/2020 1:15:12 PM"|"1/07/2020 1:15:12 PM"
"15eea89a7faef180b33668191fdd8aaafd64a2"|"C:\C@d3\HeadStart\API\SyncAPI\.git\objects\27\15eea89a7faef180b33668191fdd8aaafd64a2"||"1/07/2020 1:15:16 PM"|"1/07/2020 1:15:16 PM"
"8fb3793970cd4ba39adc46ec85ee5b2a2b1eb6"|"C:\C@d3\HeadStart\API\SyncAPI\.git\objects\30\8fb3793970cd4ba39adc46ec85ee5b2a2b1eb6"||"1/07/2020 1:15:11 PM"|"1/07/2020 1:15:11 PM"
"245c63c678740991ba724645a061e765436110"|"C:\C@d3\HeadStart\API\SyncAPI\.git\objects\32\245c63c678740991ba724645a061e765436110"||"1/07/2020 1:15:11 PM"|"1/07/2020 1:15:11 PM"
"bfeb915b634b699bad5ed877577a762230ca92"|"C:\C@d3\HeadStart\API\SyncAPI\.git\objects\33\bfeb915b634b699bad5ed877577a762230ca92"||"1/07/2020 1:15:11 PM"|"1/07/2020 1:15:11 PM"
"52295e004660012a3490489697ccd5bf8d4f21"|"C:\C@d3\HeadStart\API\SyncAPI\.git\objects\34\52295e004660012a3490489697ccd5bf8d4f21"||"1/07/2020 1:15:16 PM"|"1/07/2020 1:15:16 PM"
"bedab819ef1631d37d6e87ef9a716c545a105e"|"C:\C@d3\HeadStart\API\SyncAPI\.git\objects\34\bedab819ef1631d37d6e87ef9a716c545a105e"||"1/07/2020 1:15:12 PM"|"1/07/2020 1:15:12 PM"
"077cd8e6d81906e3f514da1d53a1b30b3244f5"|"C:\C@d3\HeadStart\API\SyncAPI\.git\objects\37\077cd8e6d81906e3f514da1d53a1b30b3244f5"||"1/07/2020 1:15:11 PM"|"1/07/2020 1:15:11 PM"
"968acb674f01027b56ce672ff0186e82a51398"|"C:\C@d3\HeadStart\API\SyncAPI\.git\objects\3e\968acb674f01027b56ce672ff0186e82a51398"||"1/07/2020 1:15:16 PM"|"1/07/2020 1:15:16 PM"
"bfa649d26c32e39ab77230b2991ecf228f315d"|"C:\C@d3\HeadStart\API\SyncAPI\.git\objects\3e\bfa649d26c32e39ab77230b2991ecf228f315d"||"1/07/2020 1:15:11 PM"|"1/07/2020 1:15:11 PM"
"eb9f938dcfab415422f844fc023266d10bc2be"|"C:\C@d3\HeadStart\API\SyncAPI\.git\objects\3f\eb9f938dcfab415422f844fc023266d10bc2be"||"1/07/2020 1:15:12 PM"|"1/07/2020 1:15:12 PM"
"78067772df4dd5cff8d9116f566219f062a410"|"C:\C@d3\HeadStart\API\SyncAPI\.git\objects\41\78067772df4dd5cff8d9116f566219f062a410"||"1/07/2020 1:15:12 PM"|"1/07/2020 1:15:12 PM"
"52ecd8fade48b8c8f03feb809182ea21778808"|"C:\C@d3\HeadStart\API\SyncAPI\.git\objects\47\52ecd8fade48b8c8f03feb809182ea21778808"||"1/07/2020 1:15:11 PM"|"1/07/2020 1:15:11 PM"
"3a31b85916e50c70e1c611f0d2ff914a3fc0a8"|"C:\C@d3\HeadStart\API\SyncAPI\.git\objects\4a\3a31b85916e50c70e1c611f0d2ff914a3fc0a8"||"1/07/2020 1:15:11 PM"|"1/07/2020 1:15:11 PM"
"825dc642cb6eb9a060e54bf8d69288fbee4904"|"C:\C@d3\HeadStart\API\SyncAPI\.git\objects\4b\825dc642cb6eb9a060e54bf8d69288fbee4904"||"1/07/2020 1:14:48 PM"|"1/07/2020 1:14:48 PM"
"9a074f8f22aaf7a7d83b14eaac405c8895226a"|"C:\C@d3\HeadStart\API\SyncAPI\.git\objects\4e\9a074f8f22aaf7a7d83b14eaac405c8895226a"||"1/07/2020 1:15:11 PM"|"1/07/2020 1:15:11 PM"
"b80addc30a8dd777ad86d2a069d1ff1ffad836"|"C:\C@d3\HeadStart\API\SyncAPI\.git\objects\50\b80addc30a8dd777ad86d2a069d1ff1ffad836"||"1/07/2020 1:15:11 PM"|"1/07/2020 1:15:12 PM"
"9eec804a7a5d6633725d9feef67d32a9acea01"|"C:\C@d3\HeadStart\API\SyncAPI\.git\objects\51\9eec804a7a5d6633725d9feef67d32a9acea01"||"1/07/2020 1:15:12 PM"|"1/07/2020 1:15:12 PM"
"cfaa19b16f3769b2bfc33db3b5c0053c16fdba"|"C:\C@d3\HeadStart\API\SyncAPI\.git\objects\53\cfaa19b16f3769b2bfc33db3b5c0053c16fdba"||"1/07/2020 1:15:12 PM"|"1/07/2020 1:15:12 PM"
"27f24307cd62afb14112da06a91c225ec37227"|"C:\C@d3\HeadStart\API\SyncAPI\.git\objects\54\27f24307cd62afb14112da06a91c225ec37227"||"1/07/2020 1:15:12 PM"|"1/07/2020 1:15:12 PM"
"2c9b9b68f27b76bf61ad6fab1e38924fe70bdd"|"C:\C@d3\HeadStart\API\SyncAPI\.git\objects\56\2c9b9b68f27b76bf61ad6fab1e38924fe70bdd"||"1/07/2020 1:15:16 PM"|"1/07/2020 1:15:16 PM"
"c739d0e06fd431993048ad57ccb596d98abb77"|"C:\C@d3\HeadStart\API\SyncAPI\.git\objects\59\c739d0e06fd431993048ad57ccb596d98abb77"||"1/07/2020 1:15:16 PM"|"1/07/2020 1:15:16 PM"
"96a642c309bb1688ce27f2396d09416a662314"|"C:\C@d3\HeadStart\API\SyncAPI\.git\objects\5a\96a642c309bb1688ce27f2396d09416a662314"||"1/07/2020 1:15:16 PM"|"1/07/2020 1:15:16 PM"
"c5d3927d0ce76b47491f0e70da386d044bb739"|"C:\C@d3\HeadStart\API\SyncAPI\.git\objects\5b\c5d3927d0ce76b47491f0e70da386d044bb739"||"1/07/2020 1:15:11 PM"|"1/07/2020 1:15:11 PM"
"c21acbfc299668092f81b0d66fa9691eb4a45e"|"C:\C@d3\HeadStart\API\SyncAPI\.git\objects\5f\c21acbfc299668092f81b0d66fa9691eb4a45e"||"1/07/2020 1:15:12 PM"|"1/07/2020 1:15:12 PM"
"54b34f013eae16c5fd13ecd92950adf0dd546c"|"C:\C@d3\HeadStart\API\SyncAPI\.git\objects\62\54b34f013eae16c5fd13ecd92950adf0dd546c"||"1/07/2020 1:15:12 PM"|"1/07/2020 1:15:12 PM"
"f52048f1001b26d0170aaf7074e9a781d55113"|"C:\C@d3\HeadStart\API\SyncAPI\.git\objects\6a\f52048f1001b26d0170aaf7074e9a781d55113"||"1/07/2020 1:15:12 PM"|"1/07/2020 1:15:12 PM"
"74736a0faadb465e40a729f535386666ed86e6"|"C:\C@d3\HeadStart\API\SyncAPI\.git\objects\6b\74736a0faadb465e40a729f535386666ed86e6"||"1/07/2020 1:15:12 PM"|"1/07/2020 1:15:12 PM"
"e1e9494f6b7dd8212d85f9df4e965e98dd9eda"|"C:\C@d3\HeadStart\API\SyncAPI\.git\objects\6b\e1e9494f6b7dd8212d85f9df4e965e98dd9eda"||"1/07/2020 1:15:12 PM"|"1/07/2020 1:15:12 PM"
"91be4b75420a3a710be3c5cbb743182da26dcf"|"C:\C@d3\HeadStart\API\SyncAPI\.git\objects\6c\91be4b75420a3a710be3c5cbb743182da26dcf"||"1/07/2020 1:15:16 PM"|"1/07/2020 1:15:16 PM"
"749daca3b7e9a23f142572dbd51be3348be9ff"|"C:\C@d3\HeadStart\API\SyncAPI\.git\objects\6d\749daca3b7e9a23f142572dbd51be3348be9ff"||"1/07/2020 1:15:11 PM"|"1/07/2020 1:15:11 PM"
"536ac4f29897fb42621113cab9c19675147c73"|"C:\C@d3\HeadStart\API\SyncAPI\.git\objects\73\536ac4f29897fb42621113cab9c19675147c73"||"1/07/2020 1:15:12 PM"|"1/07/2020 1:15:12 PM"
"973d5873b49eb56e5531d8be6a81f519b432ff"|"C:\C@d3\HeadStart\API\SyncAPI\.git\objects\77\973d5873b49eb56e5531d8be6a81f519b432ff"||"1/07/2020 1:15:11 PM"|"1/07/2020 1:15:11 PM"
"9ded874111f33da8eb836fb498d76b1a19b6da"|"C:\C@d3\HeadStart\API\SyncAPI\.git\objects\77\9ded874111f33da8eb836fb498d76b1a19b6da"||"1/07/2020 1:15:12 PM"|"1/07/2020 1:15:12 PM"
"21d22ff436786dae893f63a86622f2b144a6d2"|"C:\C@d3\HeadStart\API\SyncAPI\.git\objects\7b\21d22ff436786dae893f63a86622f2b144a6d2"||"1/07/2020 1:15:12 PM"|"1/07/2020 1:15:12 PM"
"8f9d86c86982a7da8b53e85eee1b24dc117f51"|"C:\C@d3\HeadStart\API\SyncAPI\.git\objects\7b\8f9d86c86982a7da8b53e85eee1b24dc117f51"||"1/07/2020 1:15:12 PM"|"1/07/2020 1:15:12 PM"
"0b114d665b65001c029b7e75f911acea06323f"|"C:\C@d3\HeadStart\API\SyncAPI\.git\objects\7d\0b114d665b65001c029b7e75f911acea06323f"||"1/07/2020 1:15:12 PM"|"1/07/2020 1:15:12 PM"
"37e85a60ff740ee4e1b27786c826ae83563896"|"C:\C@d3\HeadStart\API\SyncAPI\.git\objects\7f\37e85a60ff740ee4e1b27786c826ae83563896"||"1/07/2020 1:15:16 PM"|"1/07/2020 1:15:16 PM"
"e2357dd4bed707487965e2a3eb0081dd53da0a"|"C:\C@d3\HeadStart\API\SyncAPI\.git\objects\80\e2357dd4bed707487965e2a3eb0081dd53da0a"||"1/07/2020 1:15:12 PM"|"1/07/2020 1:15:12 PM"
"20ba3fe49619f5520dfb258324bc7a5d347960"|"C:\C@d3\HeadStart\API\SyncAPI\.git\objects\82\20ba3fe49619f5520dfb258324bc7a5d347960"||"1/07/2020 1:15:11 PM"|"1/07/2020 1:15:11 PM"
"a8b8dbe3f495f9aba27f4bcdbcdce1080c9853"|"C:\C@d3\HeadStart\API\SyncAPI\.git\objects\84\a8b8dbe3f495f9aba27f4bcdbcdce1080c9853"||"1/07/2020 1:15:11 PM"|"1/07/2020 1:15:11 PM"
"83e0fc1c5e2795ccfde0c771c6d66c88ef4a42"|"C:\C@d3\HeadStart\API\SyncAPI\.git\objects\89\83e0fc1c5e2795ccfde0c771c6d66c88ef4a42"||"1/07/2020 1:15:11 PM"|"1/07/2020 1:15:12 PM"
"8ba735bb4f3588d59bffc85d2716cf54edf462"|"C:\C@d3\HeadStart\API\SyncAPI\.git\objects\8f\8ba735bb4f3588d59bffc85d2716cf54edf462"||"1/07/2020 1:15:12 PM"|"1/07/2020 1:15:12 PM"
"4f861b8a9a791345812f086f1255331c5f6abb"|"C:\C@d3\HeadStart\API\SyncAPI\.git\objects\9a\4f861b8a9a791345812f086f1255331c5f6abb"||"1/07/2020 1:15:16 PM"|"1/07/2020 1:15:16 PM"
"6b78f90f811f513d99a06118b3a12ec61fad91"|"C:\C@d3\HeadStart\API\SyncAPI\.git\objects\9e\6b78f90f811f513d99a06118b3a12ec61fad91"||"1/07/2020 1:15:11 PM"|"1/07/2020 1:15:11 PM"
"08f425b8d7005ce614f783a2b1e06c80c803c2"|"C:\C@d3\HeadStart\API\SyncAPI\.git\objects\a5\08f425b8d7005ce614f783a2b1e06c80c803c2"||"1/07/2020 1:15:16 PM"|"1/07/2020 1:15:16 PM"
"b7ff99a28fe128bc3cf25b7247e8b6d2e67914"|"C:\C@d3\HeadStart\API\SyncAPI\.git\objects\a5\b7ff99a28fe128bc3cf25b7247e8b6d2e67914"||"1/07/2020 1:15:11 PM"|"1/07/2020 1:15:11 PM"
"4e35fd7230f6f8b07a324bb10a56df9f2d1049"|"C:\C@d3\HeadStart\API\SyncAPI\.git\objects\a9\4e35fd7230f6f8b07a324bb10a56df9f2d1049"||"1/07/2020 1:15:11 PM"|"1/07/2020 1:15:12 PM"
"9171dfe819730af5f39ffab49eb3c409163c2e"|"C:\C@d3\HeadStart\API\SyncAPI\.git\objects\ab\9171dfe819730af5f39ffab49eb3c409163c2e"||"1/07/2020 1:15:11 PM"|"1/07/2020 1:15:12 PM"
"8dfe1a6310302587a2d0c0111d81b250eb4105"|"C:\C@d3\HeadStart\API\SyncAPI\.git\objects\ad\8dfe1a6310302587a2d0c0111d81b250eb4105"||"1/07/2020 1:15:12 PM"|"1/07/2020 1:15:12 PM"
"991b266097b5f85af9757dd32fe5e55e04e928"|"C:\C@d3\HeadStart\API\SyncAPI\.git\objects\ae\991b266097b5f85af9757dd32fe5e55e04e928"||"1/07/2020 1:15:16 PM"|"1/07/2020 1:15:16 PM"
"e22b117cc860fe7765a89d58a9f83e4e27657a"|"C:\C@d3\HeadStart\API\SyncAPI\.git\objects\af\e22b117cc860fe7765a89d58a9f83e4e27657a"||"1/07/2020 1:15:12 PM"|"1/07/2020 1:15:12 PM"
"6ed9c722d355680529e15cd61055ccf8e8cbad"|"C:\C@d3\HeadStart\API\SyncAPI\.git\objects\b0\6ed9c722d355680529e15cd61055ccf8e8cbad"||"1/07/2020 1:15:12 PM"|"1/07/2020 1:15:12 PM"
"f40a3ecddfe7f40937cfe48b7cc55f6da4adc9"|"C:\C@d3\HeadStart\API\SyncAPI\.git\objects\b3\f40a3ecddfe7f40937cfe48b7cc55f6da4adc9"||"1/07/2020 1:15:16 PM"|"1/07/2020 1:15:16 PM"
"8e1b547f1828d06ab53a27c995649fd3055340"|"C:\C@d3\HeadStart\API\SyncAPI\.git\objects\b7\8e1b547f1828d06ab53a27c995649fd3055340"||"1/07/2020 1:15:11 PM"|"1/07/2020 1:15:11 PM"
"c2778ac6fcae895d52c3b67ce5fca135ee58ca"|"C:\C@d3\HeadStart\API\SyncAPI\.git\objects\ba\c2778ac6fcae895d52c3b67ce5fca135ee58ca"||"1/07/2020 1:15:16 PM"|"1/07/2020 1:15:16 PM"
"da33aa0bb8864970ba36958b830e1666e1d1c1"|"C:\C@d3\HeadStart\API\SyncAPI\.git\objects\bb\da33aa0bb8864970ba36958b830e1666e1d1c1"||"1/07/2020 1:15:16 PM"|"1/07/2020 1:15:16 PM"
"29e5e79c20cefbf53682092a79705f1e25a00e"|"C:\C@d3\HeadStart\API\SyncAPI\.git\objects\bc\29e5e79c20cefbf53682092a79705f1e25a00e"||"1/07/2020 1:15:11 PM"|"1/07/2020 1:15:11 PM"
"a07c2200bcca3cedd1557b6f1037a77e828bc0"|"C:\C@d3\HeadStart\API\SyncAPI\.git\objects\bd\a07c2200bcca3cedd1557b6f1037a77e828bc0"||"1/07/2020 1:15:11 PM"|"1/07/2020 1:15:11 PM"
"889b5a91045c0ac91f7cdfa93e38abaed25750"|"C:\C@d3\HeadStart\API\SyncAPI\.git\objects\c0\889b5a91045c0ac91f7cdfa93e38abaed25750"||"1/07/2020 1:15:11 PM"|"1/07/2020 1:15:11 PM"
"a05a5bcca3694a6c95c3bf2c31a625020351b3"|"C:\C@d3\HeadStart\API\SyncAPI\.git\objects\c1\a05a5bcca3694a6c95c3bf2c31a625020351b3"||"1/07/2020 1:15:12 PM"|"1/07/2020 1:15:12 PM"
"fdd7b1cce0d18535b39b46ab5171109786a68d"|"C:\C@d3\HeadStart\API\SyncAPI\.git\objects\c7\fdd7b1cce0d18535b39b46ab5171109786a68d"||"1/07/2020 1:15:16 PM"|"1/07/2020 1:15:16 PM"
"f2bb16d53b6e9e3c125f031f9713e8aba99dae"|"C:\C@d3\HeadStart\API\SyncAPI\.git\objects\cc\f2bb16d53b6e9e3c125f031f9713e8aba99dae"||"1/07/2020 1:15:16 PM"|"1/07/2020 1:15:16 PM"
"1f0d5d5af380e9b19fb9d09538437806263d79"|"C:\C@d3\HeadStart\API\SyncAPI\.git\objects\ce\1f0d5d5af380e9b19fb9d09538437806263d79"||"1/07/2020 1:15:11 PM"|"1/07/2020 1:15:11 PM"
"b68d29fdcfffd65f1dfe4ea3e6122c19917456"|"C:\C@d3\HeadStart\API\SyncAPI\.git\objects\d2\b68d29fdcfffd65f1dfe4ea3e6122c19917456"||"1/07/2020 1:15:12 PM"|"1/07/2020 1:15:12 PM"
"ce3f079161d45a218b2504bc6252a291cccc31"|"C:\C@d3\HeadStart\API\SyncAPI\.git\objects\d4\ce3f079161d45a218b2504bc6252a291cccc31"||"1/07/2020 1:15:16 PM"|"1/07/2020 1:15:16 PM"
"c87a773322d264dfc73f031d1cb87630b4aaf1"|"C:\C@d3\HeadStart\API\SyncAPI\.git\objects\d5\c87a773322d264dfc73f031d1cb87630b4aaf1"||"1/07/2020 1:15:16 PM"|"1/07/2020 1:15:16 PM"
"d9a9bff6fd6f3ee7ea00de958f135a4a28c6e6"|"C:\C@d3\HeadStart\API\SyncAPI\.git\objects\d9\d9a9bff6fd6f3ee7ea00de958f135a4a28c6e6"||"1/07/2020 1:15:11 PM"|"1/07/2020 1:15:12 PM"
"e513b19a3d70bf0f5c03a0b31189bda990b377"|"C:\C@d3\HeadStart\API\SyncAPI\.git\objects\dc\e513b19a3d70bf0f5c03a0b31189bda990b377"||"1/07/2020 1:15:11 PM"|"1/07/2020 1:15:11 PM"
"c808a6c6c1edfae30bd8f36f6958e67168b69f"|"C:\C@d3\HeadStart\API\SyncAPI\.git\objects\dd\c808a6c6c1edfae30bd8f36f6958e67168b69f"||"1/07/2020 1:15:16 PM"|"1/07/2020 1:15:16 PM"
"897691fc7bd409972157060327914c8b4a75e3"|"C:\C@d3\HeadStart\API\SyncAPI\.git\objects\df\897691fc7bd409972157060327914c8b4a75e3"||"1/07/2020 1:15:11 PM"|"1/07/2020 1:15:11 PM"
"8491e57679a0ec458f142c7211587de7a407dd"|"C:\C@d3\HeadStart\API\SyncAPI\.git\objects\e4\8491e57679a0ec458f142c7211587de7a407dd"||"1/07/2020 1:15:12 PM"|"1/07/2020 1:15:12 PM"
"400386edae4c86df65459c5dc7f8a9512c89b9"|"C:\C@d3\HeadStart\API\SyncAPI\.git\objects\e5\400386edae4c86df65459c5dc7f8a9512c89b9"||"1/07/2020 1:15:11 PM"|"1/07/2020 1:15:11 PM"
"7fb59fe7ac605f034b6c9d8a471f1a21e1d252"|"C:\C@d3\HeadStart\API\SyncAPI\.git\objects\e5\7fb59fe7ac605f034b6c9d8a471f1a21e1d252"||"1/07/2020 1:15:12 PM"|"1/07/2020 1:15:12 PM"
"6b1edbd91533615c0f246de02be9f66402c3af"|"C:\C@d3\HeadStart\API\SyncAPI\.git\objects\e6\6b1edbd91533615c0f246de02be9f66402c3af"||"1/07/2020 1:15:16 PM"|"1/07/2020 1:15:16 PM"
"9de29bb2d1d6434b8b29ae775ad8c2e48c5391"|"C:\C@d3\HeadStart\API\SyncAPI\.git\objects\e6\9de29bb2d1d6434b8b29ae775ad8c2e48c5391"||"1/07/2020 1:15:12 PM"|"1/07/2020 1:15:12 PM"
"7b0aca64c9922aa3b75de03a626425b8107f9f"|"C:\C@d3\HeadStart\API\SyncAPI\.git\objects\ef\7b0aca64c9922aa3b75de03a626425b8107f9f"||"1/07/2020 1:15:12 PM"|"1/07/2020 1:15:12 PM"
"3cdb9ab75e59acdca71b46fdf14ac4f7362ae9"|"C:\C@d3\HeadStart\API\SyncAPI\.git\objects\f2\3cdb9ab75e59acdca71b46fdf14ac4f7362ae9"||"1/07/2020 1:15:16 PM"|"1/07/2020 1:15:16 PM"
"72a282488211ea5b7809e3b33c0c36c0eb6515"|"C:\C@d3\HeadStart\API\SyncAPI\.git\objects\f4\72a282488211ea5b7809e3b33c0c36c0eb6515"||"1/07/2020 1:15:11 PM"|"1/07/2020 1:15:11 PM"
"f4501dedba8adeb6de734adc0567fa18d4adaf"|"C:\C@d3\HeadStart\API\SyncAPI\.git\objects\f4\f4501dedba8adeb6de734adc0567fa18d4adaf"||"1/07/2020 1:15:16 PM"|"1/07/2020 1:15:16 PM"
"717c8e989364d5f3220edd9ea5e757f967ae92"|"C:\C@d3\HeadStart\API\SyncAPI\.git\objects\f8\717c8e989364d5f3220edd9ea5e757f967ae92"||"1/07/2020 1:15:16 PM"|"1/07/2020 1:15:16 PM"
"dcae5da0570cfad5dfdc2c164039165c9e4216"|"C:\C@d3\HeadStart\API\SyncAPI\.git\objects\fc\dcae5da0570cfad5dfdc2c164039165c9e4216"||"1/07/2020 1:15:12 PM"|"1/07/2020 1:15:12 PM"
"b8f1fabf13fec9ad2bd73f67198cbedbc6ef52"|"C:\C@d3\HeadStart\API\SyncAPI\.git\objects\fd\b8f1fabf13fec9ad2bd73f67198cbedbc6ef52"||"1/07/2020 1:15:11 PM"|"1/07/2020 1:15:11 PM"
"master"|"C:\C@d3\HeadStart\API\SyncAPI\.git\refs\heads\master"||"1/07/2020 1:15:16 PM"|"1/07/2020 1:15:16 PM"
"applicationhost.config"|"C:\C@d3\HeadStart\API\SyncAPI\.vs\SyncAPI\config\applicationhost.config"||"3/07/2020 9:45:13 AM"|"3/07/2020 9:45:13 AM"
".suo"|"C:\C@d3\HeadStart\API\SyncAPI\.vs\SyncAPI\v16\.suo"||"3/07/2020 10:02:20 AM"|"3/07/2020 10:02:42 AM"
"appsettings.Development.json"|"C:\C@d3\HeadStart\API\SyncAPI\bin\Debug\netcoreapp3.1\appsettings.Development.json"||"1/07/2020 11:34:20 AM"|"1/07/2020 11:20:52 AM"
"appsettings.json"|"C:\C@d3\HeadStart\API\SyncAPI\bin\Debug\netcoreapp3.1\appsettings.json"||"1/07/2020 11:34:20 AM"|"1/07/2020 11:20:52 AM"
"Microsoft.Bcl.AsyncInterfaces.dll"|"C:\C@d3\HeadStart\API\SyncAPI\bin\Debug\netcoreapp3.1\Microsoft.Bcl.AsyncInterfaces.dll"||"1/07/2020 11:34:20 AM"|"14/04/2020 10:39:12 PM"
"Microsoft.Bcl.HashCode.dll"|"C:\C@d3\HeadStart\API\SyncAPI\bin\Debug\netcoreapp3.1\Microsoft.Bcl.HashCode.dll"||"1/07/2020 11:34:20 AM"|"15/11/2019 8:38:50 AM"
"Microsoft.Data.SqlClient.dll"|"C:\C@d3\HeadStart\API\SyncAPI\bin\Debug\netcoreapp3.1\Microsoft.Data.SqlClient.dll"||"1/07/2020 11:34:20 AM"|"26/09/2019 8:43:28 PM"
"Microsoft.EntityFrameworkCore.Abstractions.dll"|"C:\C@d3\HeadStart\API\SyncAPI\bin\Debug\netcoreapp3.1\Microsoft.EntityFrameworkCore.Abstractions.dll"||"1/07/2020 11:34:20 AM"|"21/05/2020 2:30:50 AM"
"Microsoft.EntityFrameworkCore.dll"|"C:\C@d3\HeadStart\API\SyncAPI\bin\Debug\netcoreapp3.1\Microsoft.EntityFrameworkCore.dll"||"1/07/2020 11:34:20 AM"|"21/05/2020 2:31:04 AM"
"Microsoft.EntityFrameworkCore.InMemory.dll"|"C:\C@d3\HeadStart\API\SyncAPI\bin\Debug\netcoreapp3.1\Microsoft.EntityFrameworkCore.InMemory.dll"||"1/07/2020 11:34:20 AM"|"21/05/2020 2:31:08 AM"
"Microsoft.EntityFrameworkCore.Relational.dll"|"C:\C@d3\HeadStart\API\SyncAPI\bin\Debug\netcoreapp3.1\Microsoft.EntityFrameworkCore.Relational.dll"||"1/07/2020 11:34:20 AM"|"21/05/2020 2:31:16 AM"
"Microsoft.EntityFrameworkCore.SqlServer.dll"|"C:\C@d3\HeadStart\API\SyncAPI\bin\Debug\netcoreapp3.1\Microsoft.EntityFrameworkCore.SqlServer.dll"||"1/07/2020 11:34:20 AM"|"21/05/2020 2:31:18 AM"
"Microsoft.Extensions.Caching.Abstractions.dll"|"C:\C@d3\HeadStart\API\SyncAPI\bin\Debug\netcoreapp3.1\Microsoft.Extensions.Caching.Abstractions.dll"||"1/07/2020 11:34:20 AM"|"20/05/2020 11:55:38 PM"
"Microsoft.Extensions.Caching.Memory.dll"|"C:\C@d3\HeadStart\API\SyncAPI\bin\Debug\netcoreapp3.1\Microsoft.Extensions.Caching.Memory.dll"||"1/07/2020 11:34:20 AM"|"20/05/2020 11:56:26 PM"
"Microsoft.Extensions.Configuration.Abstractions.dll"|"C:\C@d3\HeadStart\API\SyncAPI\bin\Debug\netcoreapp3.1\Microsoft.Extensions.Configuration.Abstractions.dll"||"1/07/2020 11:34:20 AM"|"20/05/2020 11:55:56 PM"
"Microsoft.Extensions.Configuration.Binder.dll"|"C:\C@d3\HeadStart\API\SyncAPI\bin\Debug\netcoreapp3.1\Microsoft.Extensions.Configuration.Binder.dll"||"1/07/2020 11:34:20 AM"|"20/05/2020 11:56:48 PM"
"Microsoft.Extensions.Configuration.dll"|"C:\C@d3\HeadStart\API\SyncAPI\bin\Debug\netcoreapp3.1\Microsoft.Extensions.Configuration.dll"||"1/07/2020 11:34:20 AM"|"20/05/2020 11:56:46 PM"
"Microsoft.Extensions.DependencyInjection.Abstractions.dll"|"C:\C@d3\HeadStart\API\SyncAPI\bin\Debug\netcoreapp3.1\Microsoft.Extensions.DependencyInjection.Abstractions.dll"||"1/07/2020 11:34:20 AM"|"20/05/2020 11:56:12 PM"
"Microsoft.Extensions.DependencyInjection.dll"|"C:\C@d3\HeadStart\API\SyncAPI\bin\Debug\netcoreapp3.1\Microsoft.Extensions.DependencyInjection.dll"||"1/07/2020 11:34:20 AM"|"20/05/2020 11:56:04 PM"
"Microsoft.Extensions.Logging.Abstractions.dll"|"C:\C@d3\HeadStart\API\SyncAPI\bin\Debug\netcoreapp3.1\Microsoft.Extensions.Logging.Abstractions.dll"||"1/07/2020 11:34:20 AM"|"20/05/2020 11:56:52 PM"
"Microsoft.Extensions.Logging.dll"|"C:\C@d3\HeadStart\API\SyncAPI\bin\Debug\netcoreapp3.1\Microsoft.Extensions.Logging.dll"||"1/07/2020 11:34:20 AM"|"20/05/2020 11:56:56 PM"
"Microsoft.Extensions.Options.dll"|"C:\C@d3\HeadStart\API\SyncAPI\bin\Debug\netcoreapp3.1\Microsoft.Extensions.Options.dll"||"1/07/2020 11:34:20 AM"|"20/05/2020 11:56:02 PM"
"Microsoft.Extensions.Primitives.dll"|"C:\C@d3\HeadStart\API\SyncAPI\bin\Debug\netcoreapp3.1\Microsoft.Extensions.Primitives.dll"||"1/07/2020 11:34:20 AM"|"20/05/2020 11:56:22 PM"
"Microsoft.Identity.Client.dll"|"C:\C@d3\HeadStart\API\SyncAPI\bin\Debug\netcoreapp3.1\Microsoft.Identity.Client.dll"||"1/07/2020 11:34:20 AM"|"29/04/2019 10:04:14 PM"
"SyncAPI.deps.json"|"C:\C@d3\HeadStart\API\SyncAPI\bin\Debug\netcoreapp3.1\SyncAPI.deps.json"||"1/07/2020 11:34:20 AM"|"3/07/2020 9:45:12 AM"
"SyncAPI.dll"|"C:\C@d3\HeadStart\API\SyncAPI\bin\Debug\netcoreapp3.1\SyncAPI.dll"||"1/07/2020 11:34:20 AM"|"3/07/2020 9:45:12 AM"
"SyncAPI.exe"|"C:\C@d3\HeadStart\API\SyncAPI\bin\Debug\netcoreapp3.1\SyncAPI.exe"||"1/07/2020 11:34:20 AM"|"3/07/2020 9:45:12 AM"
"SyncAPI.pdb"|"C:\C@d3\HeadStart\API\SyncAPI\bin\Debug\netcoreapp3.1\SyncAPI.pdb"||"1/07/2020 11:34:20 AM"|"3/07/2020 9:45:12 AM"
"SyncAPI.runtimeconfig.dev.json"|"C:\C@d3\HeadStart\API\SyncAPI\bin\Debug\netcoreapp3.1\SyncAPI.runtimeconfig.dev.json"||"1/07/2020 11:34:20 AM"|"3/07/2020 9:45:13 AM"
"SyncAPI.runtimeconfig.json"|"C:\C@d3\HeadStart\API\SyncAPI\bin\Debug\netcoreapp3.1\SyncAPI.runtimeconfig.json"||"1/07/2020 11:34:20 AM"|"3/07/2020 9:45:13 AM"
"System.Collections.Immutable.dll"|"C:\C@d3\HeadStart\API\SyncAPI\bin\Debug\netcoreapp3.1\System.Collections.Immutable.dll"||"1/07/2020 11:34:20 AM"|"14/04/2020 10:38:40 PM"
"System.Configuration.ConfigurationManager.dll"|"C:\C@d3\HeadStart\API\SyncAPI\bin\Debug\netcoreapp3.1\System.Configuration.ConfigurationManager.dll"||"1/07/2020 11:34:20 AM"|"15/05/2018 1:29:38 PM"
"System.Diagnostics.DiagnosticSource.dll"|"C:\C@d3\HeadStart\API\SyncAPI\bin\Debug\netcoreapp3.1\System.Diagnostics.DiagnosticSource.dll"||"1/07/2020 11:34:20 AM"|"14/04/2020 10:48:06 PM"
"System.Runtime.Caching.dll"|"C:\C@d3\HeadStart\API\SyncAPI\bin\Debug\netcoreapp3.1\System.Runtime.Caching.dll"||"1/07/2020 11:34:20 AM"|"15/05/2018 1:29:40 PM"
"System.Security.Cryptography.ProtectedData.dll"|"C:\C@d3\HeadStart\API\SyncAPI\bin\Debug\netcoreapp3.1\System.Security.Cryptography.ProtectedData.dll"||"1/07/2020 11:34:20 AM"|"15/05/2018 1:29:44 PM"
".NETCoreApp,Version=v3.1.AssemblyAttributes.cs"|"C:\C@d3\HeadStart\API\SyncAPI\obj\Debug\netcoreapp3.1\.NETCoreApp,Version=v3.1.AssemblyAttributes.cs"||"1/07/2020 11:24:18 AM"|"1/07/2020 11:24:18 AM"
"project.razor.json"|"C:\C@d3\HeadStart\API\SyncAPI\obj\Debug\netcoreapp3.1\project.razor.json"||"1/07/2020 11:24:20 AM"|"1/07/2020 1:17:45 PM"
"SyncAPI.AssemblyInfo.cs"|"C:\C@d3\HeadStart\API\SyncAPI\obj\Debug\netcoreapp3.1\SyncAPI.AssemblyInfo.cs"||"1/07/2020 11:24:18 AM"|"1/07/2020 11:24:18 AM"
"SyncAPI.AssemblyInfoInputs.cache"|"C:\C@d3\HeadStart\API\SyncAPI\obj\Debug\netcoreapp3.1\SyncAPI.AssemblyInfoInputs.cache"||"1/07/2020 11:24:18 AM"|"1/07/2020 11:24:18 AM"
"SyncAPI.assets.cache"|"C:\C@d3\HeadStart\API\SyncAPI\obj\Debug\netcoreapp3.1\SyncAPI.assets.cache"||"1/07/2020 11:22:39 AM"|"3/07/2020 9:44:03 AM"
"SyncAPI.csproj.CopyComplete"|"C:\C@d3\HeadStart\API\SyncAPI\obj\Debug\netcoreapp3.1\SyncAPI.csproj.CopyComplete"||"1/07/2020 11:34:20 AM"|"3/07/2020 9:45:12 AM"
"SyncAPI.csproj.CoreCompileInputs.cache"|"C:\C@d3\HeadStart\API\SyncAPI\obj\Debug\netcoreapp3.1\SyncAPI.csproj.CoreCompileInputs.cache"||"1/07/2020 11:34:19 AM"|"1/07/2020 11:34:19 AM"
"SyncAPI.csproj.FileListAbsolute.txt"|"C:\C@d3\HeadStart\API\SyncAPI\obj\Debug\netcoreapp3.1\SyncAPI.csproj.FileListAbsolute.txt"||"1/07/2020 11:34:20 AM"|"3/07/2020 9:45:13 AM"
"SyncAPI.csprojAssemblyReference.cache"|"C:\C@d3\HeadStart\API\SyncAPI\obj\Debug\netcoreapp3.1\SyncAPI.csprojAssemblyReference.cache"||"1/07/2020 11:24:18 AM"|"3/07/2020 10:02:42 AM"
"SyncAPI.dll"|"C:\C@d3\HeadStart\API\SyncAPI\obj\Debug\netcoreapp3.1\SyncAPI.dll"||"1/07/2020 11:34:20 AM"|"3/07/2020 9:45:12 AM"
"SyncAPI.exe"|"C:\C@d3\HeadStart\API\SyncAPI\obj\Debug\netcoreapp3.1\SyncAPI.exe"||"3/07/2020 9:45:12 AM"|"3/07/2020 9:45:12 AM"
"SyncAPI.genruntimeconfig.cache"|"C:\C@d3\HeadStart\API\SyncAPI\obj\Debug\netcoreapp3.1\SyncAPI.genruntimeconfig.cache"||"1/07/2020 11:34:20 AM"|"1/07/2020 11:34:20 AM"
"SyncAPI.MvcApplicationPartsAssemblyInfo.cache"|"C:\C@d3\HeadStart\API\SyncAPI\obj\Debug\netcoreapp3.1\SyncAPI.MvcApplicationPartsAssemblyInfo.cache"||"1/07/2020 11:34:19 AM"|"3/07/2020 9:45:11 AM"
"SyncAPI.pdb"|"C:\C@d3\HeadStart\API\SyncAPI\obj\Debug\netcoreapp3.1\SyncAPI.pdb"||"1/07/2020 11:34:20 AM"|"3/07/2020 9:45:12 AM"
"SyncAPI.RazorTargetAssemblyInfo.cache"|"C:\C@d3\HeadStart\API\SyncAPI\obj\Debug\netcoreapp3.1\SyncAPI.RazorTargetAssemblyInfo.cache"||"1/07/2020 11:34:20 AM"|"1/07/2020 11:34:20 AM"
".NETCoreApp,Version=v3.1.AssemblyAttributes.cs"|"C:\C@d3\HeadStart\API\SyncAPI\obj\Release\netcoreapp3.1\.NETCoreApp,Version=v3.1.AssemblyAttributes.cs"||"3/07/2020 10:01:33 AM"|"3/07/2020 10:01:33 AM"
"SyncAPI.AssemblyInfo.cs"|"C:\C@d3\HeadStart\API\SyncAPI\obj\Release\netcoreapp3.1\SyncAPI.AssemblyInfo.cs"||"3/07/2020 10:01:33 AM"|"3/07/2020 10:01:33 AM"
"SyncAPI.AssemblyInfoInputs.cache"|"C:\C@d3\HeadStart\API\SyncAPI\obj\Release\netcoreapp3.1\SyncAPI.AssemblyInfoInputs.cache"||"3/07/2020 10:01:33 AM"|"3/07/2020 10:01:33 AM"
"SyncAPI.assets.cache"|"C:\C@d3\HeadStart\API\SyncAPI\obj\Release\netcoreapp3.1\SyncAPI.assets.cache"||"3/07/2020 10:01:33 AM"|"3/07/2020 10:01:33 AM"
"master"|"C:\C@d3\HeadStart\API\SyncAPI\.git\logs\refs\heads\master"||"1/07/2020 1:15:16 PM"|"1/07/2020 1:15:16 PM"
"master"|"C:\C@d3\HeadStart\API\SyncAPI\.git\refs\remotes\origin\master"||"1/07/2020 1:17:01 PM"|"1/07/2020 1:17:01 PM"
"launchSettings.json"|"C:\C@d3\HeadStart\API\SyncAPI\bin\Debug\netcoreapp3.1\Properties\launchSettings.json"||"1/07/2020 11:34:20 AM"|"1/07/2020 11:20:52 AM"
"SyncAPI.StaticWebAssets.Manifest.cache"|"C:\C@d3\HeadStart\API\SyncAPI\obj\Debug\netcoreapp3.1\staticwebassets\SyncAPI.StaticWebAssets.Manifest.cache"||"1/07/2020 11:34:20 AM"|"1/07/2020 11:34:20 AM"
"SyncAPI.StaticWebAssets.xml"|"C:\C@d3\HeadStart\API\SyncAPI\obj\Debug\netcoreapp3.1\staticwebassets\SyncAPI.StaticWebAssets.xml"||"1/07/2020 11:34:20 AM"|"1/07/2020 11:34:20 AM"
"master"|"C:\C@d3\HeadStart\API\SyncAPI\.git\logs\refs\remotes\origin\master"||"1/07/2020 1:17:01 PM"|"1/07/2020 1:17:01 PM"
"sni.dll"|"C:\C@d3\HeadStart\API\SyncAPI\bin\Debug\netcoreapp3.1\runtimes\win-arm64\native\sni.dll"||"1/07/2020 11:34:20 AM"|"12/07/2017 11:24:24 AM"
"sni.dll"|"C:\C@d3\HeadStart\API\SyncAPI\bin\Debug\netcoreapp3.1\runtimes\win-x64\native\sni.dll"||"1/07/2020 11:34:20 AM"|"12/07/2017 11:24:22 AM"
"sni.dll"|"C:\C@d3\HeadStart\API\SyncAPI\bin\Debug\netcoreapp3.1\runtimes\win-x86\native\sni.dll"||"1/07/2020 11:34:20 AM"|"12/07/2017 11:24:22 AM"
"System.Runtime.Caching.dll"|"C:\C@d3\HeadStart\API\SyncAPI\bin\Debug\netcoreapp3.1\runtimes\unix\lib\netcoreapp2.0\System.Runtime.Caching.dll"||"1/07/2020 11:34:20 AM"|"15/05/2018 1:29:40 PM"
"Microsoft.Data.SqlClient.dll"|"C:\C@d3\HeadStart\API\SyncAPI\bin\Debug\netcoreapp3.1\runtimes\unix\lib\netcoreapp2.1\Microsoft.Data.SqlClient.dll"||"1/07/2020 11:34:20 AM"|"26/09/2019 8:43:26 PM"
"System.Runtime.Caching.dll"|"C:\C@d3\HeadStart\API\SyncAPI\bin\Debug\netcoreapp3.1\runtimes\win\lib\netcoreapp2.0\System.Runtime.Caching.dll"||"1/07/2020 11:34:20 AM"|"15/05/2018 1:29:40 PM"
"Microsoft.Data.SqlClient.dll"|"C:\C@d3\HeadStart\API\SyncAPI\bin\Debug\netcoreapp3.1\runtimes\win\lib\netcoreapp2.1\Microsoft.Data.SqlClient.dll"||"1/07/2020 11:34:20 AM"|"26/09/2019 8:43:26 PM"
"System.Security.Cryptography.ProtectedData.dll"|"C:\C@d3\HeadStart\API\SyncAPI\bin\Debug\netcoreapp3.1\runtimes\win\lib\netstandard2.0\System.Security.Cryptography.ProtectedData.dll"||"1/07/2020 11:34:20 AM"|"15/05/2018 1:29:44 PM"
"Fields Client Site Creation"|"C:\C@d3\Fields Client Site Creation"||"1/07/2020 11:56:18 AM"|"2/07/2020 1:42:15 PM"
"HeadStart"|"C:\C@d3\HeadStart"||"1/07/2020 11:19:52 AM"|"1/07/2020 11:20:07 AM"
"ScanFolder"|"C:\C@d3\ScanFolder"||"3/07/2020 10:15:30 AM"|"3/07/2020 1:54:58 PM"
".git"|"C:\C@d3\Fields Client Site Creation\.git"||"2/07/2020 9:52:35 AM"|"2/07/2020 2:55:30 PM"
"API"|"C:\C@d3\HeadStart\API"||"1/07/2020 11:20:06 AM"|"1/07/2020 11:20:51 AM"
"AlphaFS.2.2.6.0"|"C:\C@d3\ScanFolder\AlphaFS.2.2.6.0"||"3/07/2020 10:28:16 AM"|"3/07/2020 10:28:17 AM"
"TestFolder"|"C:\C@d3\ScanFolder\TestFolder"||"3/07/2020 10:22:29 AM"|"3/07/2020 10:22:48 AM"
"hooks"|"C:\C@d3\Fields Client Site Creation\.git\hooks"||"2/07/2020 9:52:35 AM"|"2/07/2020 9:52:35 AM"
"info"|"C:\C@d3\Fields Client Site Creation\.git\info"||"2/07/2020 9:52:35 AM"|"2/07/2020 9:52:35 AM"
"logs"|"C:\C@d3\Fields Client Site Creation\.git\logs"||"2/07/2020 9:56:50 AM"|"2/07/2020 9:56:50 AM"
"objects"|"C:\C@d3\Fields Client Site Creation\.git\objects"||"2/07/2020 9:52:35 AM"|"2/07/2020 2:55:30 PM"
"refs"|"C:\C@d3\Fields Client Site Creation\.git\refs"||"2/07/2020 9:52:35 AM"|"2/07/2020 9:59:43 AM"
"SyncAPI"|"C:\C@d3\HeadStart\API\SyncAPI"||"1/07/2020 11:20:51 AM"|"3/07/2020 10:02:41 AM"
"Lib"|"C:\C@d3\ScanFolder\AlphaFS.2.2.6.0\Lib"||"3/07/2020 10:28:16 AM"|"3/07/2020 10:28:17 AM"
"Ch1"|"C:\C@d3\ScanFolder\TestFolder\Ch1"||"3/07/2020 10:22:39 AM"|"3/07/2020 10:23:00 AM"
"Ch2"|"C:\C@d3\ScanFolder\TestFolder\Ch2"||"3/07/2020 10:22:45 AM"|"3/07/2020 10:22:45 AM"
"refs"|"C:\C@d3\Fields Client Site Creation\.git\logs\refs"||"2/07/2020 9:56:50 AM"|"2/07/2020 9:59:43 AM"
"01"|"C:\C@d3\Fields Client Site Creation\.git\objects\01"||"2/07/2020 9:56:50 AM"|"2/07/2020 9:56:50 AM"
"0b"|"C:\C@d3\Fields Client Site Creation\.git\objects\0b"||"2/07/2020 2:54:39 PM"|"2/07/2020 2:54:39 PM"
"1b"|"C:\C@d3\Fields Client Site Creation\.git\objects\1b"||"2/07/2020 2:55:30 PM"|"2/07/2020 2:55:30 PM"
"40"|"C:\C@d3\Fields Client Site Creation\.git\objects\40"||"2/07/2020 2:54:39 PM"|"2/07/2020 2:54:39 PM"
"43"|"C:\C@d3\Fields Client Site Creation\.git\objects\43"||"2/07/2020 9:56:50 AM"|"2/07/2020 9:56:50 AM"
"47"|"C:\C@d3\Fields Client Site Creation\.git\objects\47"||"2/07/2020 9:52:41 AM"|"2/07/2020 9:52:41 AM"
"50"|"C:\C@d3\Fields Client Site Creation\.git\objects\50"||"2/07/2020 2:54:39 PM"|"2/07/2020 2:54:39 PM"
"53"|"C:\C@d3\Fields Client Site Creation\.git\objects\53"||"2/07/2020 9:52:41 AM"|"2/07/2020 9:52:41 AM"
"8e"|"C:\C@d3\Fields Client Site Creation\.git\objects\8e"||"2/07/2020 2:55:30 PM"|"2/07/2020 2:55:30 PM"
"b4"|"C:\C@d3\Fields Client Site Creation\.git\objects\b4"||"2/07/2020 9:52:41 AM"|"2/07/2020 9:52:41 AM"
"c3"|"C:\C@d3\Fields Client Site Creation\.git\objects\c3"||"2/07/2020 9:52:41 AM"|"2/07/2020 9:52:41 AM"
"f3"|"C:\C@d3\Fields Client Site Creation\.git\objects\f3"||"2/07/2020 9:52:41 AM"|"2/07/2020 9:52:41 AM"
"info"|"C:\C@d3\Fields Client Site Creation\.git\objects\info"||"2/07/2020 9:52:35 AM"|"2/07/2020 9:52:35 AM"
"pack"|"C:\C@d3\Fields Client Site Creation\.git\objects\pack"||"2/07/2020 9:52:35 AM"|"2/07/2020 9:52:35 AM"
"heads"|"C:\C@d3\Fields Client Site Creation\.git\refs\heads"||"2/07/2020 9:52:35 AM"|"2/07/2020 2:55:30 PM"
"remotes"|"C:\C@d3\Fields Client Site Creation\.git\refs\remotes"||"2/07/2020 9:59:43 AM"|"2/07/2020 9:59:43 AM"
"tags"|"C:\C@d3\Fields Client Site Creation\.git\refs\tags"||"2/07/2020 9:52:35 AM"|"2/07/2020 9:52:35 AM"
".git"|"C:\C@d3\HeadStart\API\SyncAPI\.git"||"1/07/2020 1:13:32 PM"|"1/07/2020 1:17:01 PM"
".vs"|"C:\C@d3\HeadStart\API\SyncAPI\.vs"||"3/07/2020 9:43:58 AM"|"3/07/2020 10:02:42 AM"
".vscode"|"C:\C@d3\HeadStart\API\SyncAPI\.vscode"||"1/07/2020 1:17:56 PM"|"1/07/2020 1:17:56 PM"
"bin"|"C:\C@d3\HeadStart\API\SyncAPI\bin"||"1/07/2020 11:22:39 AM"|"3/07/2020 10:01:33 AM"
"Controllers"|"C:\C@d3\HeadStart\API\SyncAPI\Controllers"||"1/07/2020 11:20:52 AM"|"1/07/2020 12:01:05 PM"
"Models"|"C:\C@d3\HeadStart\API\SyncAPI\Models"||"1/07/2020 12:00:53 PM"|"1/07/2020 12:00:53 PM"
"obj"|"C:\C@d3\HeadStart\API\SyncAPI\obj"||"1/07/2020 11:20:53 AM"|"3/07/2020 10:01:33 AM"
"Properties"|"C:\C@d3\HeadStart\API\SyncAPI\Properties"||"1/07/2020 11:20:52 AM"|"1/07/2020 11:20:52 AM"
"Views"|"C:\C@d3\HeadStart\API\SyncAPI\Views"||"3/07/2020 9:44:34 AM"|"3/07/2020 9:44:34 AM"
"Net35"|"C:\C@d3\ScanFolder\AlphaFS.2.2.6.0\Lib\Net35"||"3/07/2020 10:28:16 AM"|"3/07/2020 10:28:16 AM"
"Net40"|"C:\C@d3\ScanFolder\AlphaFS.2.2.6.0\Lib\Net40"||"3/07/2020 10:28:16 AM"|"3/07/2020 10:28:16 AM"
"Net45"|"C:\C@d3\ScanFolder\AlphaFS.2.2.6.0\Lib\Net45"||"3/07/2020 10:28:16 AM"|"3/07/2020 10:28:16 AM"
"Net451"|"C:\C@d3\ScanFolder\AlphaFS.2.2.6.0\Lib\Net451"||"3/07/2020 10:28:16 AM"|"3/07/2020 10:28:17 AM"
"Net452"|"C:\C@d3\ScanFolder\AlphaFS.2.2.6.0\Lib\Net452"||"3/07/2020 10:28:17 AM"|"3/07/2020 10:28:17 AM"
"SubCh1"|"C:\C@d3\ScanFolder\TestFolder\Ch1\SubCh1"||"3/07/2020 10:22:53 AM"|"3/07/2020 11:33:17 AM"
"heads"|"C:\C@d3\Fields Client Site Creation\.git\logs\refs\heads"||"2/07/2020 9:56:50 AM"|"2/07/2020 9:56:50 AM"
"remotes"|"C:\C@d3\Fields Client Site Creation\.git\logs\refs\remotes"||"2/07/2020 9:59:43 AM"|"2/07/2020 9:59:43 AM"
"origin"|"C:\C@d3\Fields Client Site Creation\.git\refs\remotes\origin"||"2/07/2020 9:59:43 AM"|"2/07/2020 2:55:45 PM"
"hooks"|"C:\C@d3\HeadStart\API\SyncAPI\.git\hooks"||"1/07/2020 1:13:32 PM"|"1/07/2020 1:13:32 PM"
"info"|"C:\C@d3\HeadStart\API\SyncAPI\.git\info"||"1/07/2020 1:13:32 PM"|"1/07/2020 1:13:32 PM"
"logs"|"C:\C@d3\HeadStart\API\SyncAPI\.git\logs"||"1/07/2020 1:15:16 PM"|"1/07/2020 1:15:16 PM"
"objects"|"C:\C@d3\HeadStart\API\SyncAPI\.git\objects"||"1/07/2020 1:13:32 PM"|"1/07/2020 1:15:16 PM"
"refs"|"C:\C@d3\HeadStart\API\SyncAPI\.git\refs"||"1/07/2020 1:13:32 PM"|"1/07/2020 1:17:01 PM"
"SyncAPI"|"C:\C@d3\HeadStart\API\SyncAPI\.vs\SyncAPI"||"3/07/2020 9:43:58 AM"|"3/07/2020 9:45:13 AM"
"Debug"|"C:\C@d3\HeadStart\API\SyncAPI\bin\Debug"||"1/07/2020 11:22:39 AM"|"1/07/2020 11:22:39 AM"
"Release"|"C:\C@d3\HeadStart\API\SyncAPI\bin\Release"||"3/07/2020 10:01:33 AM"|"3/07/2020 10:01:33 AM"
"Debug"|"C:\C@d3\HeadStart\API\SyncAPI\obj\Debug"||"1/07/2020 11:22:39 AM"|"1/07/2020 11:22:39 AM"
"Release"|"C:\C@d3\HeadStart\API\SyncAPI\obj\Release"||"3/07/2020 10:01:33 AM"|"3/07/2020 10:01:33 AM"
"origin"|"C:\C@d3\Fields Client Site Creation\.git\logs\refs\remotes\origin"||"2/07/2020 9:59:43 AM"|"2/07/2020 9:59:43 AM"
"refs"|"C:\C@d3\HeadStart\API\SyncAPI\.git\logs\refs"||"1/07/2020 1:15:16 PM"|"1/07/2020 1:17:01 PM"
"03"|"C:\C@d3\HeadStart\API\SyncAPI\.git\objects\03"||"1/07/2020 1:15:12 PM"|"1/07/2020 1:15:12 PM"
"07"|"C:\C@d3\HeadStart\API\SyncAPI\.git\objects\07"||"1/07/2020 1:15:16 PM"|"1/07/2020 1:15:16 PM"
"08"|"C:\C@d3\HeadStart\API\SyncAPI\.git\objects\08"||"1/07/2020 1:15:11 PM"|"1/07/2020 1:15:11 PM"
"0b"|"C:\C@d3\HeadStart\API\SyncAPI\.git\objects\0b"||"1/07/2020 1:15:16 PM"|"1/07/2020 1:15:16 PM"
"0d"|"C:\C@d3\HeadStart\API\SyncAPI\.git\objects\0d"||"1/07/2020 1:15:12 PM"|"1/07/2020 1:15:16 PM"
"14"|"C:\C@d3\HeadStart\API\SyncAPI\.git\objects\14"||"1/07/2020 1:15:11 PM"|"1/07/2020 1:15:11 PM"
"19"|"C:\C@d3\HeadStart\API\SyncAPI\.git\objects\19"||"1/07/2020 1:15:16 PM"|"1/07/2020 1:15:16 PM"
"1e"|"C:\C@d3\HeadStart\API\SyncAPI\.git\objects\1e"||"1/07/2020 1:15:12 PM"|"1/07/2020 1:15:12 PM"
"25"|"C:\C@d3\HeadStart\API\SyncAPI\.git\objects\25"||"1/07/2020 1:15:12 PM"|"1/07/2020 1:15:12 PM"
"27"|"C:\C@d3\HeadStart\API\SyncAPI\.git\objects\27"||"1/07/2020 1:15:16 PM"|"1/07/2020 1:15:16 PM"
"30"|"C:\C@d3\HeadStart\API\SyncAPI\.git\objects\30"||"1/07/2020 1:15:11 PM"|"1/07/2020 1:15:11 PM"
"32"|"C:\C@d3\HeadStart\API\SyncAPI\.git\objects\32"||"1/07/2020 1:15:11 PM"|"1/07/2020 1:15:11 PM"
"33"|"C:\C@d3\HeadStart\API\SyncAPI\.git\objects\33"||"1/07/2020 1:15:11 PM"|"1/07/2020 1:15:11 PM"
"34"|"C:\C@d3\HeadStart\API\SyncAPI\.git\objects\34"||"1/07/2020 1:15:12 PM"|"1/07/2020 1:15:16 PM"
"37"|"C:\C@d3\HeadStart\API\SyncAPI\.git\objects\37"||"1/07/2020 1:15:11 PM"|"1/07/2020 1:15:11 PM"
"3e"|"C:\C@d3\HeadStart\API\SyncAPI\.git\objects\3e"||"1/07/2020 1:15:11 PM"|"1/07/2020 1:15:16 PM"
"3f"|"C:\C@d3\HeadStart\API\SyncAPI\.git\objects\3f"||"1/07/2020 1:15:12 PM"|"1/07/2020 1:15:12 PM"
"41"|"C:\C@d3\HeadStart\API\SyncAPI\.git\objects\41"||"1/07/2020 1:15:12 PM"|"1/07/2020 1:15:12 PM"
"47"|"C:\C@d3\HeadStart\API\SyncAPI\.git\objects\47"||"1/07/2020 1:15:11 PM"|"1/07/2020 1:15:11 PM"
"4a"|"C:\C@d3\HeadStart\API\SyncAPI\.git\objects\4a"||"1/07/2020 1:15:11 PM"|"1/07/2020 1:15:11 PM"
"4b"|"C:\C@d3\HeadStart\API\SyncAPI\.git\objects\4b"||"1/07/2020 1:14:48 PM"|"1/07/2020 1:14:48 PM"
"4e"|"C:\C@d3\HeadStart\API\SyncAPI\.git\objects\4e"||"1/07/2020 1:15:11 PM"|"1/07/2020 1:15:11 PM"
"50"|"C:\C@d3\HeadStart\API\SyncAPI\.git\objects\50"||"1/07/2020 1:15:11 PM"|"1/07/2020 1:15:12 PM"
"51"|"C:\C@d3\HeadStart\API\SyncAPI\.git\objects\51"||"1/07/2020 1:15:12 PM"|"1/07/2020 1:15:12 PM"
"53"|"C:\C@d3\HeadStart\API\SyncAPI\.git\objects\53"||"1/07/2020 1:15:12 PM"|"1/07/2020 1:15:12 PM"
"54"|"C:\C@d3\HeadStart\API\SyncAPI\.git\objects\54"||"1/07/2020 1:15:12 PM"|"1/07/2020 1:15:12 PM"
"56"|"C:\C@d3\HeadStart\API\SyncAPI\.git\objects\56"||"1/07/2020 1:15:16 PM"|"1/07/2020 1:15:16 PM"
"59"|"C:\C@d3\HeadStart\API\SyncAPI\.git\objects\59"||"1/07/2020 1:15:16 PM"|"1/07/2020 1:15:16 PM"
"5a"|"C:\C@d3\HeadStart\API\SyncAPI\.git\objects\5a"||"1/07/2020 1:15:16 PM"|"1/07/2020 1:15:16 PM"
"5b"|"C:\C@d3\HeadStart\API\SyncAPI\.git\objects\5b"||"1/07/2020 1:15:11 PM"|"1/07/2020 1:15:11 PM"
"5f"|"C:\C@d3\HeadStart\API\SyncAPI\.git\objects\5f"||"1/07/2020 1:15:12 PM"|"1/07/2020 1:15:12 PM"
"62"|"C:\C@d3\HeadStart\API\SyncAPI\.git\objects\62"||"1/07/2020 1:15:12 PM"|"1/07/2020 1:15:12 PM"
"6a"|"C:\C@d3\HeadStart\API\SyncAPI\.git\objects\6a"||"1/07/2020 1:15:12 PM"|"1/07/2020 1:15:12 PM"
"6b"|"C:\C@d3\HeadStart\API\SyncAPI\.git\objects\6b"||"1/07/2020 1:15:12 PM"|"1/07/2020 1:15:12 PM"
"6c"|"C:\C@d3\HeadStart\API\SyncAPI\.git\objects\6c"||"1/07/2020 1:15:16 PM"|"1/07/2020 1:15:16 PM"
"6d"|"C:\C@d3\HeadStart\API\SyncAPI\.git\objects\6d"||"1/07/2020 1:15:11 PM"|"1/07/2020 1:15:11 PM"
"73"|"C:\C@d3\HeadStart\API\SyncAPI\.git\objects\73"||"1/07/2020 1:15:12 PM"|"1/07/2020 1:15:12 PM"
"77"|"C:\C@d3\HeadStart\API\SyncAPI\.git\objects\77"||"1/07/2020 1:15:11 PM"|"1/07/2020 1:15:12 PM"
"7b"|"C:\C@d3\HeadStart\API\SyncAPI\.git\objects\7b"||"1/07/2020 1:15:12 PM"|"1/07/2020 1:15:12 PM"
"7d"|"C:\C@d3\HeadStart\API\SyncAPI\.git\objects\7d"||"1/07/2020 1:15:12 PM"|"1/07/2020 1:15:12 PM"
"7f"|"C:\C@d3\HeadStart\API\SyncAPI\.git\objects\7f"||"1/07/2020 1:15:16 PM"|"1/07/2020 1:15:16 PM"
"80"|"C:\C@d3\HeadStart\API\SyncAPI\.git\objects\80"||"1/07/2020 1:15:12 PM"|"1/07/2020 1:15:12 PM"
"82"|"C:\C@d3\HeadStart\API\SyncAPI\.git\objects\82"||"1/07/2020 1:15:11 PM"|"1/07/2020 1:15:11 PM"
"84"|"C:\C@d3\HeadStart\API\SyncAPI\.git\objects\84"||"1/07/2020 1:15:11 PM"|"1/07/2020 1:15:11 PM"
"89"|"C:\C@d3\HeadStart\API\SyncAPI\.git\objects\89"||"1/07/2020 1:15:11 PM"|"1/07/2020 1:15:11 PM"
"8f"|"C:\C@d3\HeadStart\API\SyncAPI\.git\objects\8f"||"1/07/2020 1:15:12 PM"|"1/07/2020 1:15:12 PM"
"9a"|"C:\C@d3\HeadStart\API\SyncAPI\.git\objects\9a"||"1/07/2020 1:15:16 PM"|"1/07/2020 1:15:16 PM"
"9e"|"C:\C@d3\HeadStart\API\SyncAPI\.git\objects\9e"||"1/07/2020 1:15:11 PM"|"1/07/2020 1:15:11 PM"
"a5"|"C:\C@d3\HeadStart\API\SyncAPI\.git\objects\a5"||"1/07/2020 1:15:11 PM"|"1/07/2020 1:15:16 PM"
"a9"|"C:\C@d3\HeadStart\API\SyncAPI\.git\objects\a9"||"1/07/2020 1:15:11 PM"|"1/07/2020 1:15:11 PM"
"ab"|"C:\C@d3\HeadStart\API\SyncAPI\.git\objects\ab"||"1/07/2020 1:15:11 PM"|"1/07/2020 1:15:11 PM"
"ad"|"C:\C@d3\HeadStart\API\SyncAPI\.git\objects\ad"||"1/07/2020 1:15:12 PM"|"1/07/2020 1:15:12 PM"
"ae"|"C:\C@d3\HeadStart\API\SyncAPI\.git\objects\ae"||"1/07/2020 1:15:16 PM"|"1/07/2020 1:15:16 PM"
"af"|"C:\C@d3\HeadStart\API\SyncAPI\.git\objects\af"||"1/07/2020 1:15:12 PM"|"1/07/2020 1:15:12 PM"
"b0"|"C:\C@d3\HeadStart\API\SyncAPI\.git\objects\b0"||"1/07/2020 1:15:12 PM"|"1/07/2020 1:15:12 PM"
"b3"|"C:\C@d3\HeadStart\API\SyncAPI\.git\objects\b3"||"1/07/2020 1:15:16 PM"|"1/07/2020 1:15:16 PM"
"b7"|"C:\C@d3\HeadStart\API\SyncAPI\.git\objects\b7"||"1/07/2020 1:15:11 PM"|"1/07/2020 1:15:11 PM"
"ba"|"C:\C@d3\HeadStart\API\SyncAPI\.git\objects\ba"||"1/07/2020 1:15:16 PM"|"1/07/2020 1:15:16 PM"
"bb"|"C:\C@d3\HeadStart\API\SyncAPI\.git\objects\bb"||"1/07/2020 1:15:16 PM"|"1/07/2020 1:15:16 PM"
"bc"|"C:\C@d3\HeadStart\API\SyncAPI\.git\objects\bc"||"1/07/2020 1:15:11 PM"|"1/07/2020 1:15:11 PM"
"bd"|"C:\C@d3\HeadStart\API\SyncAPI\.git\objects\bd"||"1/07/2020 1:15:11 PM"|"1/07/2020 1:15:11 PM"
"c0"|"C:\C@d3\HeadStart\API\SyncAPI\.git\objects\c0"||"1/07/2020 1:15:11 PM"|"1/07/2020 1:15:11 PM"
"c1"|"C:\C@d3\HeadStart\API\SyncAPI\.git\objects\c1"||"1/07/2020 1:15:12 PM"|"1/07/2020 1:15:12 PM"
"c7"|"C:\C@d3\HeadStart\API\SyncAPI\.git\objects\c7"||"1/07/2020 1:15:16 PM"|"1/07/2020 1:15:16 PM"
"cc"|"C:\C@d3\HeadStart\API\SyncAPI\.git\objects\cc"||"1/07/2020 1:15:16 PM"|"1/07/2020 1:15:16 PM"
"ce"|"C:\C@d3\HeadStart\API\SyncAPI\.git\objects\ce"||"1/07/2020 1:15:11 PM"|"1/07/2020 1:15:11 PM"
"d2"|"C:\C@d3\HeadStart\API\SyncAPI\.git\objects\d2"||"1/07/2020 1:15:12 PM"|"1/07/2020 1:15:12 PM"
"d4"|"C:\C@d3\HeadStart\API\SyncAPI\.git\objects\d4"||"1/07/2020 1:15:16 PM"|"1/07/2020 1:15:16 PM"
"d5"|"C:\C@d3\HeadStart\API\SyncAPI\.git\objects\d5"||"1/07/2020 1:15:16 PM"|"1/07/2020 1:15:16 PM"
"d9"|"C:\C@d3\HeadStart\API\SyncAPI\.git\objects\d9"||"1/07/2020 1:15:11 PM"|"1/07/2020 1:15:11 PM"
"dc"|"C:\C@d3\HeadStart\API\SyncAPI\.git\objects\dc"||"1/07/2020 1:15:11 PM"|"1/07/2020 1:15:11 PM"
"dd"|"C:\C@d3\HeadStart\API\SyncAPI\.git\objects\dd"||"1/07/2020 1:15:16 PM"|"1/07/2020 1:15:16 PM"
"df"|"C:\C@d3\HeadStart\API\SyncAPI\.git\objects\df"||"1/07/2020 1:15:11 PM"|"1/07/2020 1:15:11 PM"
"e4"|"C:\C@d3\HeadStart\API\SyncAPI\.git\objects\e4"||"1/07/2020 1:15:12 PM"|"1/07/2020 1:15:12 PM"
"e5"|"C:\C@d3\HeadStart\API\SyncAPI\.git\objects\e5"||"1/07/2020 1:15:11 PM"|"1/07/2020 1:15:12 PM"
"e6"|"C:\C@d3\HeadStart\API\SyncAPI\.git\objects\e6"||"1/07/2020 1:15:12 PM"|"1/07/2020 1:15:16 PM"
"ef"|"C:\C@d3\HeadStart\API\SyncAPI\.git\objects\ef"||"1/07/2020 1:15:12 PM"|"1/07/2020 1:15:12 PM"
"f2"|"C:\C@d3\HeadStart\API\SyncAPI\.git\objects\f2"||"1/07/2020 1:15:16 PM"|"1/07/2020 1:15:16 PM"
"f4"|"C:\C@d3\HeadStart\API\SyncAPI\.git\objects\f4"||"1/07/2020 1:15:11 PM"|"1/07/2020 1:15:16 PM"
"f8"|"C:\C@d3\HeadStart\API\SyncAPI\.git\objects\f8"||"1/07/2020 1:15:16 PM"|"1/07/2020 1:15:16 PM"
"fc"|"C:\C@d3\HeadStart\API\SyncAPI\.git\objects\fc"||"1/07/2020 1:15:12 PM"|"1/07/2020 1:15:12 PM"
"fd"|"C:\C@d3\HeadStart\API\SyncAPI\.git\objects\fd"||"1/07/2020 1:15:11 PM"|"1/07/2020 1:15:11 PM"
"info"|"C:\C@d3\HeadStart\API\SyncAPI\.git\objects\info"||"1/07/2020 1:13:32 PM"|"1/07/2020 1:13:32 PM"
"pack"|"C:\C@d3\HeadStart\API\SyncAPI\.git\objects\pack"||"1/07/2020 1:13:32 PM"|"1/07/2020 1:13:32 PM"
"heads"|"C:\C@d3\HeadStart\API\SyncAPI\.git\refs\heads"||"1/07/2020 1:13:32 PM"|"1/07/2020 1:15:16 PM"
"remotes"|"C:\C@d3\HeadStart\API\SyncAPI\.git\refs\remotes"||"1/07/2020 1:17:01 PM"|"1/07/2020 1:17:01 PM"
"tags"|"C:\C@d3\HeadStart\API\SyncAPI\.git\refs\tags"||"1/07/2020 1:13:32 PM"|"1/07/2020 1:13:32 PM"
"config"|"C:\C@d3\HeadStart\API\SyncAPI\.vs\SyncAPI\config"||"3/07/2020 9:45:13 AM"|"3/07/2020 9:45:13 AM"
"v16"|"C:\C@d3\HeadStart\API\SyncAPI\.vs\SyncAPI\v16"||"3/07/2020 9:43:58 AM"|"3/07/2020 10:02:20 AM"
"netcoreapp3.1"|"C:\C@d3\HeadStart\API\SyncAPI\bin\Debug\netcoreapp3.1"||"1/07/2020 11:22:39 AM"|"1/07/2020 11:34:20 AM"
"netcoreapp3.1"|"C:\C@d3\HeadStart\API\SyncAPI\bin\Release\netcoreapp3.1"||"3/07/2020 10:01:33 AM"|"3/07/2020 10:01:33 AM"
"netcoreapp3.1"|"C:\C@d3\HeadStart\API\SyncAPI\obj\Debug\netcoreapp3.1"||"1/07/2020 11:22:39 AM"|"3/07/2020 10:02:42 AM"
"netcoreapp3.1"|"C:\C@d3\HeadStart\API\SyncAPI\obj\Release\netcoreapp3.1"||"3/07/2020 10:01:33 AM"|"3/07/2020 10:01:33 AM"
"heads"|"C:\C@d3\HeadStart\API\SyncAPI\.git\logs\refs\heads"||"1/07/2020 1:15:16 PM"|"1/07/2020 1:15:16 PM"
"remotes"|"C:\C@d3\HeadStart\API\SyncAPI\.git\logs\refs\remotes"||"1/07/2020 1:17:01 PM"|"1/07/2020 1:17:01 PM"
"origin"|"C:\C@d3\HeadStart\API\SyncAPI\.git\refs\remotes\origin"||"1/07/2020 1:17:01 PM"|"1/07/2020 1:17:01 PM"
"Properties"|"C:\C@d3\HeadStart\API\SyncAPI\bin\Debug\netcoreapp3.1\Properties"||"1/07/2020 11:34:20 AM"|"1/07/2020 11:34:20 AM"
"runtimes"|"C:\C@d3\HeadStart\API\SyncAPI\bin\Debug\netcoreapp3.1\runtimes"||"1/07/2020 11:34:20 AM"|"1/07/2020 11:34:20 AM"
"staticwebassets"|"C:\C@d3\HeadStart\API\SyncAPI\obj\Debug\netcoreapp3.1\staticwebassets"||"1/07/2020 11:34:20 AM"|"1/07/2020 11:34:20 AM"
"origin"|"C:\C@d3\HeadStart\API\SyncAPI\.git\logs\refs\remotes\origin"||"1/07/2020 1:17:01 PM"|"1/07/2020 1:17:01 PM"
"unix"|"C:\C@d3\HeadStart\API\SyncAPI\bin\Debug\netcoreapp3.1\runtimes\unix"||"1/07/2020 11:34:20 AM"|"1/07/2020 11:34:20 AM"
"win"|"C:\C@d3\HeadStart\API\SyncAPI\bin\Debug\netcoreapp3.1\runtimes\win"||"1/07/2020 11:34:20 AM"|"1/07/2020 11:34:20 AM"
"win-arm64"|"C:\C@d3\HeadStart\API\SyncAPI\bin\Debug\netcoreapp3.1\runtimes\win-arm64"||"1/07/2020 11:34:20 AM"|"1/07/2020 11:34:20 AM"
"win-x64"|"C:\C@d3\HeadStart\API\SyncAPI\bin\Debug\netcoreapp3.1\runtimes\win-x64"||"1/07/2020 11:34:20 AM"|"1/07/2020 11:34:20 AM"
"win-x86"|"C:\C@d3\HeadStart\API\SyncAPI\bin\Debug\netcoreapp3.1\runtimes\win-x86"||"1/07/2020 11:34:20 AM"|"1/07/2020 11:34:20 AM"
"lib"|"C:\C@d3\HeadStart\API\SyncAPI\bin\Debug\netcoreapp3.1\runtimes\unix\lib"||"1/07/2020 11:34:20 AM"|"1/07/2020 11:34:20 AM"
"lib"|"C:\C@d3\HeadStart\API\SyncAPI\bin\Debug\netcoreapp3.1\runtimes\win\lib"||"1/07/2020 11:34:20 AM"|"1/07/2020 11:34:20 AM"
"native"|"C:\C@d3\HeadStart\API\SyncAPI\bin\Debug\netcoreapp3.1\runtimes\win-arm64\native"||"1/07/2020 11:34:20 AM"|"1/07/2020 11:34:20 AM"
"native"|"C:\C@d3\HeadStart\API\SyncAPI\bin\Debug\netcoreapp3.1\runtimes\win-x64\native"||"1/07/2020 11:34:20 AM"|"1/07/2020 11:34:20 AM"
"native"|"C:\C@d3\HeadStart\API\SyncAPI\bin\Debug\netcoreapp3.1\runtimes\win-x86\native"||"1/07/2020 11:34:20 AM"|"1/07/2020 11:34:20 AM"
"netcoreapp2.0"|"C:\C@d3\HeadStart\API\SyncAPI\bin\Debug\netcoreapp3.1\runtimes\unix\lib\netcoreapp2.0"||"1/07/2020 11:34:20 AM"|"1/07/2020 11:34:20 AM"
"netcoreapp2.1"|"C:\C@d3\HeadStart\API\SyncAPI\bin\Debug\netcoreapp3.1\runtimes\unix\lib\netcoreapp2.1"||"1/07/2020 11:34:20 AM"|"1/07/2020 11:34:20 AM"
"netcoreapp2.0"|"C:\C@d3\HeadStart\API\SyncAPI\bin\Debug\netcoreapp3.1\runtimes\win\lib\netcoreapp2.0"||"1/07/2020 11:34:20 AM"|"1/07/2020 11:34:20 AM"
"netcoreapp2.1"|"C:\C@d3\HeadStart\API\SyncAPI\bin\Debug\netcoreapp3.1\runtimes\win\lib\netcoreapp2.1"||"1/07/2020 11:34:20 AM"|"1/07/2020 11:34:20 AM"
"netstandard2.0"|"C:\C@d3\HeadStart\API\SyncAPI\bin\Debug\netcoreapp3.1\runtimes\win\lib\netstandard2.0"||"1/07/2020 11:34:20 AM"|"1/07/2020 11:34:20 AM"
